Clause_ID,System,Paper_Section,Paper_Requirement,Production_File,Production_Lines,Production_Symbol,Executed_Path,Unit_Test_Name,Status,Evidence_Strength,Notes
S1.C1,System 1,§3.1,epsilon_pdf = 1e-12 (locked),src/weightiz/shared/config/models.py; src/weightiz/shared/config/builders.py; src/weightiz/module1/core.py,"31-40; 36-59; 135,279-285",EngineConfigModel.eps_pdf -> build_engine_config -> _build_typed_eps,src/weightiz/cli/run_module5.py:6-9 -> src/weightiz/cli/run_research.py:792-823 -> src/weightiz/shared/config/builders.py:36-60 -> src/weightiz/module1/core.py:612-714,test_locked_constants_are_not_fail_closed[cfg_kwargs0],EXACT_MATCH,STRONG,"Default is 1e-12, but config accepts overrides and `_build_typed_eps` forwards `eps_pdf=float(cfg.eps_pdf)` unchanged."
S1.C2,System 1,§3.1,epsilon_vol = 1e-12 (locked),src/weightiz/shared/config/models.py; src/weightiz/shared/config/builders.py; src/weightiz/module1/core.py,"31-40; 36-59; 136,279-285",EngineConfigModel.eps_vol -> build_engine_config -> _build_typed_eps,src/weightiz/cli/run_module5.py:6-9 -> src/weightiz/cli/run_research.py:792-823 -> src/weightiz/shared/config/builders.py:36-60 -> src/weightiz/module1/core.py:612-714,test_locked_constants_are_not_fail_closed[cfg_kwargs1],EXACT_MATCH,STRONG,"Default is 1e-12, but config accepts overrides and `_build_typed_eps` forwards `eps_vol=float(cfg.eps_vol)` unchanged."
S1.C3,System 1,§3.1,epsilon_div derives from tick_size,src/weightiz/module1/core.py,279-285,_build_typed_eps,src/weightiz/cli/run_module5.py:6-9 -> src/weightiz/cli/run_research.py:792-823 -> src/weightiz/shared/config/builders.py:36-60 -> src/weightiz/module1/core.py:612-714,test_locked_defaults_match_spec,EXACT_MATCH,STRONG,"`eps_div=tick_size.astype(np.float64, copy=True)` on the executed path."
S1.C4,System 1,§3.1,epsilon_range derives from tick_size,src/weightiz/module1/core.py,279-285,_build_typed_eps,src/weightiz/cli/run_module5.py:6-9 -> src/weightiz/cli/run_research.py:792-823 -> src/weightiz/shared/config/builders.py:36-60 -> src/weightiz/module1/core.py:612-714,test_locked_defaults_match_spec,EXACT_MATCH,STRONG,"`eps_range=tick_size.astype(np.float64, copy=True)` on the executed path."
S1.C5,System 1,§6.1,"grid is exactly [-6.0, 6.0) with DX=0.05 and B=240",src/weightiz/shared/config/models.py; src/weightiz/shared/config/builders.py; src/weightiz/module1/core.py,31-39; 36-59; 292-307,"EngineConfigModel.{B,x_min,dx} -> build_engine_config -> build_x_grid",src/weightiz/cli/run_module5.py:6-9 -> src/weightiz/cli/run_research.py:792-823 -> src/weightiz/shared/config/builders.py:36-60 -> src/weightiz/module1/core.py:612-714,test_locked_constants_are_not_fail_closed[cfg_kwargs2],EXACT_MATCH,STRONG,"Defaults match paper, but public config accepts alternate `B/x_min/dx`; the grid is not sealed fail-closed."
S1.C6,System 1,§6.1,semantic endpoint xmax = 5.95,src/weightiz/shared/config/models.py; src/weightiz/shared/config/builders.py; src/weightiz/module1/core.py,31-39; 36-59; 292-307,"EngineConfigModel.{B,x_min,dx} -> build_engine_config -> build_x_grid",src/weightiz/cli/run_module5.py:6-9 -> src/weightiz/cli/run_research.py:792-823 -> src/weightiz/shared/config/builders.py:36-60 -> src/weightiz/module1/core.py:612-714,test_locked_defaults_match_spec,EXACT_MATCH,MODERATE,"Default build yields 5.95, but endpoint depends on user-configurable `B/x_min/dx` rather than a hard lock."
S1.C7,System 1,§6.1,grid implementation is semantically equivalent to fixed deterministic construction,src/weightiz/module1/core.py,292-307,build_x_grid,src/weightiz/cli/run_module5.py:6-9 -> src/weightiz/cli/run_research.py:792-823 -> src/weightiz/shared/config/builders.py:36-60 -> src/weightiz/module1/core.py:612-714,test_locked_defaults_match_spec,EXACT_MATCH,STRONG,"`x_grid = cfg.x_min + cfg.dx * np.arange(cfg.B, dtype=np.float64)` plus spacing checks."
S1.C8,System 1,§16.1,all core tensor math is float64,src/weightiz/module1/core.py; src/weightiz/module2/core.py; src/weightiz/module2/market_profile_engine.py; src/weightiz/module2/market_profile_kernels.py; src/weightiz/module2/tensor_builder.py,"635-658; 1188-1190,1663-1664; 262-279,359-367,457-463; 39-46,83-104,133-155; 36-47,64-79",preallocate_state / assert_float64 / kernels / rolling state,src/weightiz/cli/run_module5.py:6-9 -> src/weightiz/cli/run_research.py:747-824 -> src/weightiz/module5/orchestrator.py:2529-2538 -> src/weightiz/module2/core.py:1796-1877 -> src/weightiz/module2/market_profile_engine.py:287-529 -> src/weightiz/module2/market_profile_kernels.py:49-160 -> src/weightiz/module2/tensor_builder.py:50-79,test_float64_tensors_and_kernels_stay_float64,EXACT_MATCH,STRONG,"Preallocation, kernel casts, rolling buffers, and final output guards all stay in float64."
S1.C9,System 1,§16.1,"no silent float32 downgrade in PDF generation, normalization, aggregation, or moments",src/weightiz/module2/market_profile_kernels.py; src/weightiz/module2/market_profile_engine.py; src/weightiz/module2/tensor_builder.py,"39-46,83-104,133-155; 262-367,457-463; 36-47,64-79",_gaussian_pdf / inject_profile_mass / run_streaming_profile_engine / apply_rolling_update,src/weightiz/cli/run_module5.py:6-9 -> src/weightiz/cli/run_research.py:747-824 -> src/weightiz/module5/orchestrator.py:2529-2538 -> src/weightiz/module2/core.py:1796-1877 -> src/weightiz/module2/market_profile_engine.py:287-529 -> src/weightiz/module2/market_profile_kernels.py:49-160 -> src/weightiz/module2/tensor_builder.py:50-79,test_float64_tensors_and_kernels_stay_float64,EXACT_MATCH,STRONG,The executed path uses float64 arrays end-to-end and the audit test confirms float64 outputs from kernel and aggregation stages.
S2.C1,System 2,§4.1,"TR = max(H-L, |H-C_prev|, |L-C_prev|)",src/weightiz/module2/core.py,902-910,precompute_market_physics,src/weightiz/cli/run_module5.py:6-9 -> src/weightiz/cli/run_research.py:747-824 -> src/weightiz/module5/orchestrator.py:2529-2538 -> src/weightiz/module2/core.py:1796-1877 -> src/weightiz/module2/market_profile_engine.py:287-529 -> src/weightiz/module2/market_profile_kernels.py:49-160 -> src/weightiz/module2/tensor_builder.py:50-79,test_true_range_and_atr_floor_numeric,EXACT_MATCH,STRONG,"`tr = maximum(tr1, maximum(tr2, tr3))` with numeric proof `[2, 7, 3]`."
S2.C2,System 2,§4.1,ATR uses EMA(TR; alpha_atr),src/weightiz/module2/core.py; src/weightiz/module2/core.py,520-532; 912-915,_ema_causal / precompute_market_physics,src/weightiz/cli/run_module5.py:6-9 -> src/weightiz/cli/run_research.py:747-824 -> src/weightiz/module5/orchestrator.py:2529-2538 -> src/weightiz/module2/core.py:1796-1877 -> src/weightiz/module2/market_profile_engine.py:287-529 -> src/weightiz/module2/market_profile_kernels.py:49-160 -> src/weightiz/module2/tensor_builder.py:50-79,test_true_range_and_atr_floor_numeric,EXACT_MATCH,STRONG,`out[t] = alpha * arr[t] + (1-alpha) * out[t-1]`; numeric proof shown for alpha=1.0 and alpha=0.5.
S2.C3,System 2,§4.2,"ATRfloor = max(ATR, 4*tick, 0.0002*C_t) using current close C_t",src/weightiz/module2/core.py,917-923,precompute_market_physics,src/weightiz/cli/run_module5.py:6-9 -> src/weightiz/cli/run_research.py:747-824 -> src/weightiz/module5/orchestrator.py:2529-2538 -> src/weightiz/module2/core.py:1796-1877 -> src/weightiz/module2/market_profile_engine.py:287-529 -> src/weightiz/module2/market_profile_kernels.py:49-160 -> src/weightiz/module2/tensor_builder.py:50-79,test_true_range_and_atr_floor_numeric,EXACT_MATCH,STRONG,"Sealed branch uses `floor_tick=4*tick`, `floor_pct=0.0002*close_use`, and `atr_floor=max(atr_raw, floor_tick, floor_pct)`."
S2.C4,System 2,§6.2,anchor is current close C_t,src/weightiz/module2/market_profile_engine.py; src/weightiz/module2/market_profile_kernels.py,302-323; 83-89,run_streaming_profile_engine -> build_bar_mixture_params,src/weightiz/cli/run_module5.py:6-9 -> src/weightiz/cli/run_research.py:747-824 -> src/weightiz/module5/orchestrator.py:2529-2538 -> src/weightiz/module2/core.py:1796-1877 -> src/weightiz/module2/market_profile_engine.py:287-529 -> src/weightiz/module2/market_profile_kernels.py:49-160 -> src/weightiz/module2/tensor_builder.py:50-79,test_streaming_backend_does_not_reproject_window_to_current_anchor,EXACT_MATCH,STRONG,"Executed helper only receives the bar-local `close_a`; it has no `current_close_t` parameter. Numeric proof: expected mu=-0.9090909091, actual mu=0.0."
S2.C5,System 2,§6.2,x(p; t) = (p - C_t) / (ATRfloor_t + epsilon_div),src/weightiz/module2/market_profile_engine.py; src/weightiz/module2/market_profile_kernels.py,302-323; 83-89,run_streaming_profile_engine -> build_bar_mixture_params,src/weightiz/cli/run_module5.py:6-9 -> src/weightiz/cli/run_research.py:747-824 -> src/weightiz/module5/orchestrator.py:2529-2538 -> src/weightiz/module2/core.py:1796-1877 -> src/weightiz/module2/market_profile_engine.py:287-529 -> src/weightiz/module2/market_profile_kernels.py:49-160 -> src/weightiz/module2/tensor_builder.py:50-79,test_streaming_backend_does_not_reproject_window_to_current_anchor,EXACT_MATCH,STRONG,"The executed path computes `(mid_a - close_a)/(atr_eff_a + eps_div_a)` per bar, not `(p - C_t)/(ATRfloor_t + eps_div)` for every historical k at decision time t."
S2.C6,System 2,§5,RVOL baseline uses time-of-day median over last 20 sessions excluding today,src/weightiz/module2/core.py,"638-700,953-965",_rvol_baseline_ringbuffer / precompute_market_physics,src/weightiz/cli/run_module5.py:6-9 -> src/weightiz/cli/run_research.py:747-824 -> src/weightiz/module5/orchestrator.py:2529-2538 -> src/weightiz/module2/core.py:1796-1877 -> src/weightiz/module2/market_profile_engine.py:287-529 -> src/weightiz/module2/market_profile_kernels.py:49-160 -> src/weightiz/module2/tensor_builder.py:50-79,test_rvol_baseline_excludes_today_numeric,EXACT_MATCH,STRONG,Ring buffer uses prior sessions only; numeric proof gives RVOL=2.0 for session 21 over baseline median 10.5.
S2.C7,System 2,§2.3,gap reset triggers on gapmin > 5,src/weightiz/shared/config/models.py; src/weightiz/shared/config/builders.py; src/weightiz/module1/core.py,31-39; 36-60; 470-473,EngineConfigModel.gap_reset_minutes -> build_engine_config -> build_session_clock_vectorized,src/weightiz/cli/run_module5.py:6-9 -> src/weightiz/cli/run_research.py:792-823 -> src/weightiz/shared/config/builders.py:36-60 -> src/weightiz/module1/core.py:612-714,test_locked_defaults_match_spec,EXACT_MATCH,MODERATE,"Clock code sets `reset_flag = (gap_min > gap_reset_minutes) | session_change`, but the threshold remains user-configurable."
S2.C8,System 2,"§2.3, §7",reset semantics clear rolling state,src/weightiz/module2/market_profile_engine.py; src/weightiz/module2/tensor_builder.py,"287-339,412-430; 50-79",run_streaming_profile_engine / apply_rolling_update,src/weightiz/cli/run_module5.py:6-9 -> src/weightiz/cli/run_research.py:747-824 -> src/weightiz/module5/orchestrator.py:2529-2538 -> src/weightiz/module2/core.py:1796-1877 -> src/weightiz/module2/market_profile_engine.py:287-529 -> src/weightiz/module2/market_profile_kernels.py:49-160 -> src/weightiz/module2/tensor_builder.py:50-79,test_session_reset_does_not_clear_rolling_state,EXACT_MATCH,STRONG,"The ring update never clears on reset/session. Numeric proof at session reset: expected integrated mass 10.0, actual 20.0."
S2.C9,System 2,"§2.2, §7",session boundaries are not mixed,src/weightiz/module2/market_profile_engine.py; src/weightiz/module2/tensor_builder.py,287-339; 50-79,run_streaming_profile_engine / apply_rolling_update,src/weightiz/cli/run_module5.py:6-9 -> src/weightiz/cli/run_research.py:747-824 -> src/weightiz/module5/orchestrator.py:2529-2538 -> src/weightiz/module2/core.py:1796-1877 -> src/weightiz/module2/market_profile_engine.py:287-529 -> src/weightiz/module2/market_profile_kernels.py:49-160 -> src/weightiz/module2/tensor_builder.py:50-79,test_session_reset_does_not_clear_rolling_state,EXACT_MATCH,STRONG,Prior-session injections survive into the next session because the rolling buffers are not cleared.
S2.C10,System 2,§7,"W_t = min(W, m_t + 1)",src/weightiz/module2/market_profile_engine.py; src/weightiz/module2/tensor_builder.py,"267-279,287-339,348-349; 50-79",run_streaming_profile_engine / apply_rolling_update,src/weightiz/cli/run_module5.py:6-9 -> src/weightiz/cli/run_research.py:747-824 -> src/weightiz/module5/orchestrator.py:2529-2538 -> src/weightiz/module2/core.py:1796-1877 -> src/weightiz/module2/market_profile_engine.py:287-529 -> src/weightiz/module2/market_profile_kernels.py:49-160 -> src/weightiz/module2/tensor_builder.py:50-79,test_profile_warmup_uses_profile_window_not_tod_15,EXACT_MATCH,STRONG,The engine uses a global ring of length W and does not cap the window by session-local minute after reset/session boundaries.
S2.C11,System 2,"§7, Algorithm 1",warmup for tod < 15 returns neutral outputs while still updating internal state,src/weightiz/module2/market_profile_engine.py,"256-260,348-349,511-513",run_streaming_profile_engine,src/weightiz/cli/run_module5.py:6-9 -> src/weightiz/cli/run_research.py:747-824 -> src/weightiz/module5/orchestrator.py:2529-2538 -> src/weightiz/module2/core.py:1796-1877 -> src/weightiz/module2/market_profile_engine.py:287-529 -> src/weightiz/module2/market_profile_kernels.py:49-160 -> src/weightiz/module2/tensor_builder.py:50-79,test_profile_warmup_uses_profile_window_not_tod_15,EXACT_MATCH,STRONG,Warmup gating is driven by `profile_warmup_bars`; live row t=20 still has zero profile output under the default 60-bar warmup.
S3.C1,System 3,§8,"range_k = max(H_k - L_k, epsilon_range)",src/weightiz/module2/core.py,1043-1045,precompute_market_physics,src/weightiz/cli/run_module5.py:6-9 -> src/weightiz/cli/run_research.py:747-824 -> src/weightiz/module5/orchestrator.py:2529-2538 -> src/weightiz/module2/core.py:1796-1877 -> src/weightiz/module2/market_profile_engine.py:287-529 -> src/weightiz/module2/market_profile_kernels.py:49-160 -> src/weightiz/module2/tensor_builder.py:50-79,test_current_bar_sealed_sigma_and_weights_match_spec,EXACT_MATCH,STRONG,"`range_ = maximum(high_use - low_use, eps_range)`."
S3.C2,System 3,§8,body_k = |C_k - O_k|,src/weightiz/module2/core.py,1045,precompute_market_physics,src/weightiz/cli/run_module5.py:6-9 -> src/weightiz/cli/run_research.py:747-824 -> src/weightiz/module5/orchestrator.py:2529-2538 -> src/weightiz/module2/core.py:1796-1877 -> src/weightiz/module2/market_profile_engine.py:287-529 -> src/weightiz/module2/market_profile_kernels.py:49-160 -> src/weightiz/module2/tensor_builder.py:50-79,test_current_bar_sealed_sigma_and_weights_match_spec,EXACT_MATCH,STRONG,`abs(close_use - open_use)` is the numerator feeding body_pct and trend weight.
S3.C3,System 3,§8,body_pct_k = body_k / range_k,src/weightiz/module2/core.py,1044-1046,precompute_market_physics,src/weightiz/cli/run_module5.py:6-9 -> src/weightiz/cli/run_research.py:747-824 -> src/weightiz/module5/orchestrator.py:2529-2538 -> src/weightiz/module2/core.py:1796-1877 -> src/weightiz/module2/market_profile_engine.py:287-529 -> src/weightiz/module2/market_profile_kernels.py:49-160 -> src/weightiz/module2/tensor_builder.py:50-79,test_body_pct_uses_extra_eps_div_in_denominator,EXACT_MATCH,STRONG,"Code divides by `range_ + eps_div`. Numeric proof: expected 0.5, actual 0.49504950495049505."
S3.C4,System 3,§8,wick_ratio_k computed exactly as specified,src/weightiz/module2/core.py; src/weightiz/module2/market_profile_engine.py; src/weightiz/module2/market_profile_kernels.py,"197-225,1043-1099; 295-323; 60-116",MarketPhysics / run_streaming_profile_engine / build_bar_mixture_params,src/weightiz/cli/run_module5.py:6-9 -> src/weightiz/cli/run_research.py:747-824 -> src/weightiz/module5/orchestrator.py:2529-2538 -> src/weightiz/module2/core.py:1796-1877 -> src/weightiz/module2/market_profile_engine.py:287-529 -> src/weightiz/module2/market_profile_kernels.py:49-160 -> src/weightiz/module2/tensor_builder.py:50-79,test_wick_ratio_is_not_implemented_on_executed_path,EXACT_MATCH,STRONG,"No executed-path tensor, field, or helper computes `wick_ratio`; the morphology field is missing entirely."
S3.C5,System 3,§8.1,mean m_k = (O_k + C_k) / 2,src/weightiz/module2/market_profile_kernels.py,83-85,build_bar_mixture_params,src/weightiz/cli/run_module5.py:6-9 -> src/weightiz/cli/run_research.py:747-824 -> src/weightiz/module5/orchestrator.py:2529-2538 -> src/weightiz/module2/core.py:1796-1877 -> src/weightiz/module2/market_profile_engine.py:287-529 -> src/weightiz/module2/market_profile_kernels.py:49-160 -> src/weightiz/module2/tensor_builder.py:50-79,test_current_bar_sealed_sigma_and_weights_match_spec,EXACT_MATCH,STRONG,`mid_a = 0.5 * (open_a + close_a)`.
S3.C6,System 3,§8.1,mu_{k->t} = (m_k - C_t) / (ATRfloor_t + epsilon_div),src/weightiz/module2/market_profile_engine.py; src/weightiz/module2/market_profile_kernels.py,302-323; 83-89,run_streaming_profile_engine -> build_bar_mixture_params,src/weightiz/cli/run_module5.py:6-9 -> src/weightiz/cli/run_research.py:747-824 -> src/weightiz/module5/orchestrator.py:2529-2538 -> src/weightiz/module2/core.py:1796-1877 -> src/weightiz/module2/market_profile_engine.py:287-529 -> src/weightiz/module2/market_profile_kernels.py:49-160 -> src/weightiz/module2/tensor_builder.py:50-79,test_streaming_backend_does_not_reproject_window_to_current_anchor,EXACT_MATCH,STRONG,The executed helper uses bar-local `close_a`; it cannot compute `m_k - C_t` for historical k inside the window.
S3.C7,System 3,§8.2.1,w_RVOL = RVOL_t / (1 + RVOL_t),src/weightiz/module2/core.py,1051-1053,precompute_market_physics,src/weightiz/cli/run_module5.py:6-9 -> src/weightiz/cli/run_research.py:747-824 -> src/weightiz/module5/orchestrator.py:2529-2538 -> src/weightiz/module2/core.py:1796-1877 -> src/weightiz/module2/market_profile_engine.py:287-529 -> src/weightiz/module2/market_profile_kernels.py:49-160 -> src/weightiz/module2/tensor_builder.py:50-79,test_current_bar_sealed_sigma_and_weights_match_spec,EXACT_MATCH,STRONG,Sealed branch implements `w_rvol = rvol / (1 + rvol)`.
S3.C8,System 3,§8.2.1,range_eff = w_RVOL * range_k + (1 - w_RVOL) * ATRfloor_t,src/weightiz/module2/core.py; src/weightiz/module2/market_profile_engine.py; src/weightiz/module2/market_profile_kernels.py,1051-1054; 302-323; 83-116,precompute_market_physics / run_streaming_profile_engine / build_bar_mixture_params,src/weightiz/cli/run_module5.py:6-9 -> src/weightiz/cli/run_research.py:747-824 -> src/weightiz/module5/orchestrator.py:2529-2538 -> src/weightiz/module2/core.py:1796-1877 -> src/weightiz/module2/market_profile_engine.py:287-529 -> src/weightiz/module2/market_profile_kernels.py:49-160 -> src/weightiz/module2/tensor_builder.py:50-79,test_streaming_backend_does_not_reproject_window_to_current_anchor,EXACT_MATCH,STRONG,The executed path computes per-bar range_eff once at bar time; it does not recompute historical k against decision-time `ATRfloor_t` and `RVOL_t`.
S3.C9,System 3,§8.2.1,sigma_base = range_eff / (4 * (ATRfloor_t + epsilon_div)),src/weightiz/module2/core.py; src/weightiz/module2/market_profile_engine.py; src/weightiz/module2/market_profile_kernels.py,1053-1056; 302-323; 83-116,precompute_market_physics / run_streaming_profile_engine / build_bar_mixture_params,src/weightiz/cli/run_module5.py:6-9 -> src/weightiz/cli/run_research.py:747-824 -> src/weightiz/module5/orchestrator.py:2529-2538 -> src/weightiz/module2/core.py:1796-1877 -> src/weightiz/module2/market_profile_engine.py:287-529 -> src/weightiz/module2/market_profile_kernels.py:49-160 -> src/weightiz/module2/tensor_builder.py:50-79,test_streaming_backend_does_not_reproject_window_to_current_anchor,EXACT_MATCH,STRONG,Executed sigma_base is fixed at each bar’s own time rather than recomputed for every k->t window projection.
S3.C10,System 3,§8.3,sigma1 = sigma_base / (1 + log(1 + RVOL_t)),src/weightiz/module2/core.py; src/weightiz/module2/market_profile_engine.py; src/weightiz/module2/market_profile_kernels.py,1054-1056; 302-323; 83-116,precompute_market_physics / run_streaming_profile_engine / build_bar_mixture_params,src/weightiz/cli/run_module5.py:6-9 -> src/weightiz/cli/run_research.py:747-824 -> src/weightiz/module5/orchestrator.py:2529-2538 -> src/weightiz/module2/core.py:1796-1877 -> src/weightiz/module2/market_profile_engine.py:287-529 -> src/weightiz/module2/market_profile_kernels.py:49-160 -> src/weightiz/module2/tensor_builder.py:50-79,test_streaming_backend_does_not_reproject_window_to_current_anchor,EXACT_MATCH,STRONG,"Sigma1 is computed per bar and stored, not recomputed against the decision-time RVOL_t for the full active window."
S3.C11,System 3,§8.3,sigma2 = sigma_base,src/weightiz/module2/core.py; src/weightiz/module2/market_profile_engine.py; src/weightiz/module2/market_profile_kernels.py,1055-1056; 302-323; 83-116,precompute_market_physics / run_streaming_profile_engine / build_bar_mixture_params,src/weightiz/cli/run_module5.py:6-9 -> src/weightiz/cli/run_research.py:747-824 -> src/weightiz/module5/orchestrator.py:2529-2538 -> src/weightiz/module2/core.py:1796-1877 -> src/weightiz/module2/market_profile_engine.py:287-529 -> src/weightiz/module2/market_profile_kernels.py:49-160 -> src/weightiz/module2/tensor_builder.py:50-79,test_streaming_backend_does_not_reproject_window_to_current_anchor,EXACT_MATCH,STRONG,Sigma2 is also fixed at bar time rather than decision time.
S3.C12,System 3,§8.3.1,"sigma floor: sigma1=max(sigma1, DX), sigma2=max(sigma2, DX)",src/weightiz/module2/core.py; src/weightiz/module2/market_profile_kernels.py,1057-1059; 93-94,precompute_market_physics / build_bar_mixture_params,src/weightiz/cli/run_module5.py:6-9 -> src/weightiz/cli/run_research.py:747-824 -> src/weightiz/module5/orchestrator.py:2529-2538 -> src/weightiz/module2/core.py:1796-1877 -> src/weightiz/module2/market_profile_engine.py:287-529 -> src/weightiz/module2/market_profile_kernels.py:49-160 -> src/weightiz/module2/tensor_builder.py:50-79,test_current_bar_sealed_sigma_and_weights_match_spec,EXACT_MATCH,STRONG,Both precompute and kernel guard sigma against DX.
S3.C13,System 3,§8.3.2,"w1 = clip(body_pct_k, 0, 1)",src/weightiz/module2/core.py; src/weightiz/module2/market_profile_kernels.py,"1045-1046,1060-1061; 95-99",precompute_market_physics / build_bar_mixture_params,src/weightiz/cli/run_module5.py:6-9 -> src/weightiz/cli/run_research.py:747-824 -> src/weightiz/module5/orchestrator.py:2529-2538 -> src/weightiz/module2/core.py:1796-1877 -> src/weightiz/module2/market_profile_engine.py:287-529 -> src/weightiz/module2/market_profile_kernels.py:49-160 -> src/weightiz/module2/tensor_builder.py:50-79,test_body_pct_uses_extra_eps_div_in_denominator,EXACT_MATCH,MODERATE,"The clip itself matches, but the upstream `body_pct` input is formula-shifted by an extra eps_div."
S3.C14,System 3,§8.3.2,w2 = 1 - w1,src/weightiz/module2/core.py; src/weightiz/module2/market_profile_kernels.py,1060-1061; 99,precompute_market_physics / build_bar_mixture_params,src/weightiz/cli/run_module5.py:6-9 -> src/weightiz/cli/run_research.py:747-824 -> src/weightiz/module5/orchestrator.py:2529-2538 -> src/weightiz/module2/core.py:1796-1877 -> src/weightiz/module2/market_profile_engine.py:287-529 -> src/weightiz/module2/market_profile_kernels.py:49-160 -> src/weightiz/module2/tensor_builder.py:50-79,test_current_bar_sealed_sigma_and_weights_match_spec,EXACT_MATCH,STRONG,`w2 = 1.0 - w1`.
S3.C15,System 3,§8.3.2,both Gaussian components share the same mean,src/weightiz/module2/market_profile_kernels.py,85-89,build_bar_mixture_params,src/weightiz/cli/run_module5.py:6-9 -> src/weightiz/cli/run_research.py:747-824 -> src/weightiz/module5/orchestrator.py:2529-2538 -> src/weightiz/module2/core.py:1796-1877 -> src/weightiz/module2/market_profile_engine.py:287-529 -> src/weightiz/module2/market_profile_kernels.py:49-160 -> src/weightiz/module2/tensor_builder.py:50-79,test_current_bar_sealed_sigma_and_weights_match_spec,EXACT_MATCH,STRONG,Sealed mode sets `mu1 = mu_base` and `mu2 = mu_base`.
S3.C16,System 3,§9,Gaussian density implemented correctly,src/weightiz/module2/market_profile_kernels.py,43-46,_gaussian_pdf,src/weightiz/cli/run_module5.py:6-9 -> src/weightiz/cli/run_research.py:747-824 -> src/weightiz/module5/orchestrator.py:2529-2538 -> src/weightiz/module2/core.py:1796-1877 -> src/weightiz/module2/market_profile_engine.py:287-529 -> src/weightiz/module2/market_profile_kernels.py:49-160 -> src/weightiz/module2/tensor_builder.py:50-79,test_float64_tensors_and_kernels_stay_float64,EXACT_MATCH,STRONG,`exp(-0.5*z^2)/(sigma*sqrt(2pi))` in float64.
S3.C17,System 3,§9.1,discrete row normalization uses epsilon_pdf,src/weightiz/module2/market_profile_kernels.py,133-139,inject_profile_mass,src/weightiz/cli/run_module5.py:6-9 -> src/weightiz/cli/run_research.py:747-824 -> src/weightiz/module5/orchestrator.py:2529-2538 -> src/weightiz/module2/core.py:1796-1877 -> src/weightiz/module2/market_profile_engine.py:287-529 -> src/weightiz/module2/market_profile_kernels.py:49-160 -> src/weightiz/module2/tensor_builder.py:50-79,test_kernel_row_normalization_uses_dx_and_breaks_discrete_mass,EXACT_MATCH,STRONG,"The executed code divides by `sum(pdf) * dx + eps_pdf`, not the paper’s `sum(pdf) + eps_pdf`."
S3.C18,System 3,§9.1,mass injection conserves volume on-grid up to justified tolerance,src/weightiz/module2/market_profile_kernels.py,133-145,inject_profile_mass,src/weightiz/cli/run_module5.py:6-9 -> src/weightiz/cli/run_research.py:747-824 -> src/weightiz/module5/orchestrator.py:2529-2538 -> src/weightiz/module2/core.py:1796-1877 -> src/weightiz/module2/market_profile_engine.py:287-529 -> src/weightiz/module2/market_profile_kernels.py:49-160 -> src/weightiz/module2/tensor_builder.py:50-79,test_kernel_row_normalization_uses_dx_and_breaks_discrete_mass,EXACT_MATCH,STRONG,Discrete raw row sum should equal 10.0 but actual is 199.99999999979997 because of the extra `* dx` normalization.
S3.C19,System 3,§8.3,no accidental inversion of body/wick semantics,src/weightiz/module2/core.py; src/weightiz/module2/market_profile_kernels.py,1054-1061; 93-104,precompute_market_physics / build_bar_mixture_params,src/weightiz/cli/run_module5.py:6-9 -> src/weightiz/cli/run_research.py:747-824 -> src/weightiz/module5/orchestrator.py:2529-2538 -> src/weightiz/module2/core.py:1796-1877 -> src/weightiz/module2/market_profile_engine.py:287-529 -> src/weightiz/module2/market_profile_kernels.py:49-160 -> src/weightiz/module2/tensor_builder.py:50-79,test_current_bar_sealed_sigma_and_weights_match_spec,EXACT_MATCH,MODERATE,"Sigma ordering remains narrow-body / wide-wick, but the body_pct input itself is shifted by the extra denominator epsilon."
S4.C1,System 4,§9.2,medV and MADV are computed on the working window,src/weightiz/module2/core.py; src/weightiz/module2/market_profile_engine.py; src/weightiz/module2/tensor_builder.py,939-952; 287-339; 50-79,precompute_market_physics / run_streaming_profile_engine / apply_rolling_update,src/weightiz/cli/run_module5.py:6-9 -> src/weightiz/cli/run_research.py:747-824 -> src/weightiz/module5/orchestrator.py:2529-2538 -> src/weightiz/module2/core.py:1796-1877 -> src/weightiz/module2/market_profile_engine.py:287-529 -> src/weightiz/module2/market_profile_kernels.py:49-160 -> src/weightiz/module2/tensor_builder.py:50-79,test_cap_is_not_recomputed_on_working_window,EXACT_MATCH,STRONG,Cap stats are computed once per bar and historical injections are never re-evaluated on the decision-time working window.
S4.C2,System 4,§9.2,cap = medV + 5 * MADV,src/weightiz/module2/core.py,944-952,precompute_market_physics,src/weightiz/cli/run_module5.py:6-9 -> src/weightiz/cli/run_research.py:747-824 -> src/weightiz/module5/orchestrator.py:2529-2538 -> src/weightiz/module2/core.py:1796-1877 -> src/weightiz/module2/market_profile_engine.py:287-529 -> src/weightiz/module2/market_profile_kernels.py:49-160 -> src/weightiz/module2/tensor_builder.py:50-79,test_cap_is_not_recomputed_on_working_window,EXACT_MATCH,MODERATE,"Current-bar cap formula matches, but executed historical k->t usage does not because caps are frozen at bar time."
S4.C3,System 4,§9.2.1,"cap_eff = cap * (1 + ln(max(1, RVOL)))",src/weightiz/module2/core.py,1021-1024,precompute_market_physics,src/weightiz/cli/run_module5.py:6-9 -> src/weightiz/cli/run_research.py:747-824 -> src/weightiz/module5/orchestrator.py:2529-2538 -> src/weightiz/module2/core.py:1796-1877 -> src/weightiz/module2/market_profile_engine.py:287-529 -> src/weightiz/module2/market_profile_kernels.py:49-160 -> src/weightiz/module2/tensor_builder.py:50-79,test_cap_is_not_recomputed_on_working_window,EXACT_MATCH,MODERATE,"Current-bar cap expansion matches, but executed historical bars are not recomputed with decision-time `RVOL_t`."
S4.C4,System 4,§9.2.1,zero-blocking inside the log is present exactly,src/weightiz/module2/core.py,1021-1023,precompute_market_physics,src/weightiz/cli/run_module5.py:6-9 -> src/weightiz/cli/run_research.py:747-824 -> src/weightiz/module5/orchestrator.py:2529-2538 -> src/weightiz/module2/core.py:1796-1877 -> src/weightiz/module2/market_profile_engine.py:287-529 -> src/weightiz/module2/market_profile_kernels.py:49-160 -> src/weightiz/module2/tensor_builder.py:50-79,test_current_bar_sealed_sigma_and_weights_match_spec,EXACT_MATCH,STRONG,"Uses `log(max(1.0, rvol))` exactly."
S4.C5,System 4,§9.2.1,"V_prof = min(V_k, cap_eff)",src/weightiz/module2/market_profile_kernels.py,101-103,build_bar_mixture_params,src/weightiz/cli/run_module5.py:6-9 -> src/weightiz/cli/run_research.py:747-824 -> src/weightiz/module5/orchestrator.py:2529-2538 -> src/weightiz/module2/core.py:1796-1877 -> src/weightiz/module2/market_profile_engine.py:287-529 -> src/weightiz/module2/market_profile_kernels.py:49-160 -> src/weightiz/module2/tensor_builder.py:50-79,test_vprof_is_scaled_by_rvol_in_executed_kernel,EXACT_MATCH,STRONG,"Executed helper multiplies by RVOL. Numeric proof: expected 8.0, actual 24.0."
S4.C6,System 4,§10.1,CLV is implemented exactly,src/weightiz/module2/core.py,1048-1049,precompute_market_physics,src/weightiz/cli/run_module5.py:6-9 -> src/weightiz/cli/run_research.py:747-824 -> src/weightiz/module5/orchestrator.py:2529-2538 -> src/weightiz/module2/core.py:1796-1877 -> src/weightiz/module2/market_profile_engine.py:287-529 -> src/weightiz/module2/market_profile_kernels.py:49-160 -> src/weightiz/module2/tensor_builder.py:50-79,test_true_range_and_atr_floor_numeric,EXACT_MATCH,MODERATE,"For non-zero ranges the formula matches, but the zero-range path uses `range_ + eps_div`, which is not written exactly as the paper."
S4.C7,System 4,§10.1,normalized return r_k uses current ATRfloor_t denominator,src/weightiz/module2/core.py; src/weightiz/module2/market_profile_kernels.py,1026-1030; 49-57,precompute_market_physics / compute_pbuy_and_delta_coeff,src/weightiz/cli/run_module5.py:6-9 -> src/weightiz/cli/run_research.py:747-824 -> src/weightiz/module5/orchestrator.py:2529-2538 -> src/weightiz/module2/core.py:1796-1877 -> src/weightiz/module2/market_profile_engine.py:287-529 -> src/weightiz/module2/market_profile_kernels.py:49-160 -> src/weightiz/module2/tensor_builder.py:50-79,test_hybrid_delta_signed_return_path_differs_from_paper,EXACT_MATCH,STRONG,"Executed path uses per-bar `ret_norm[t]`, not historical `r_k` recomputed against decision-time `ATRfloor_t`."
S4.C8,System 4,§10.1,s_r(t) is robust rolling scale using 1.4826 * MAD,src/weightiz/module2/core.py; src/weightiz/module2/market_profile_engine.py,1032-1041; 295-317,precompute_market_physics / run_streaming_profile_engine,src/weightiz/cli/run_module5.py:6-9 -> src/weightiz/cli/run_research.py:747-824 -> src/weightiz/module5/orchestrator.py:2529-2538 -> src/weightiz/module2/core.py:1796-1877 -> src/weightiz/module2/market_profile_engine.py:287-529 -> src/weightiz/module2/market_profile_kernels.py:49-160 -> src/weightiz/module2/tensor_builder.py:50-79,test_hybrid_delta_signed_return_path_differs_from_paper,EXACT_MATCH,STRONG,The executed pSR path consumes precomputed `s_r[t]`; it does not compute `s_r(t)` over the active decision-time window W(t).
S4.C9,System 4,§10.1,"s_eff^r(t) = max(s_r(t), DX/2)",src/weightiz/module2/core.py; src/weightiz/module2/market_profile_kernels.py,1040-1041; 49-57,precompute_market_physics / compute_pbuy_and_delta_coeff,src/weightiz/cli/run_module5.py:6-9 -> src/weightiz/cli/run_research.py:747-824 -> src/weightiz/module5/orchestrator.py:2529-2538 -> src/weightiz/module2/core.py:1796-1877 -> src/weightiz/module2/market_profile_engine.py:287-529 -> src/weightiz/module2/market_profile_kernels.py:49-160 -> src/weightiz/module2/tensor_builder.py:50-79,test_hybrid_delta_signed_return_path_differs_from_paper,EXACT_MATCH,STRONG,"Precompute floors s_r at `cfg.ret_scale_min` (default 0.05), while the kernel then uses `s_r + eps_div`; the paper requires `max(s_r, DX/2)`."
S4.C10,System 4,§10.1,k_r(t) = ln(9) / (s_eff^r(t) + epsilon_pdf),src/weightiz/module2/market_profile_kernels.py,49-57,compute_pbuy_and_delta_coeff,src/weightiz/cli/run_module5.py:6-9 -> src/weightiz/cli/run_research.py:747-824 -> src/weightiz/module5/orchestrator.py:2529-2538 -> src/weightiz/module2/core.py:1796-1877 -> src/weightiz/module2/market_profile_engine.py:287-529 -> src/weightiz/module2/market_profile_kernels.py:49-160 -> src/weightiz/module2/tensor_builder.py:50-79,test_hybrid_delta_signed_return_path_differs_from_paper,EXACT_MATCH,STRONG,Executed code uses `ln(9) * ret_norm / (s_r + eps_div)`; epsilon_pdf is not used in the slope denominator.
S4.C11,System 4,§10.1,p_buy_SR = sigmoid(k_r(t) * r_k),src/weightiz/module2/market_profile_kernels.py,49-57,compute_pbuy_and_delta_coeff,src/weightiz/cli/run_module5.py:6-9 -> src/weightiz/cli/run_research.py:747-824 -> src/weightiz/module5/orchestrator.py:2529-2538 -> src/weightiz/module2/core.py:1796-1877 -> src/weightiz/module2/market_profile_engine.py:287-529 -> src/weightiz/module2/market_profile_kernels.py:49-160 -> src/weightiz/module2/tensor_builder.py:50-79,test_hybrid_delta_signed_return_path_differs_from_paper,EXACT_MATCH,STRONG,"Numeric proof: expected p_buy_SR 0.7065921139695979, actual 0.75."
S4.C12,System 4,§10.2,p_buy_CLV = sigmoid(6 * CLV_k),src/weightiz/module2/market_profile_kernels.py,51-53,compute_pbuy_and_delta_coeff,src/weightiz/cli/run_module5.py:6-9 -> src/weightiz/cli/run_research.py:747-824 -> src/weightiz/module5/orchestrator.py:2529-2538 -> src/weightiz/module2/core.py:1796-1877 -> src/weightiz/module2/market_profile_engine.py:287-529 -> src/weightiz/module2/market_profile_kernels.py:49-160 -> src/weightiz/module2/tensor_builder.py:50-79,test_hybrid_delta_signed_return_path_differs_from_paper,EXACT_MATCH,MODERATE,"The kernel uses `sigmoid(6 * clv)` exactly, but the upstream CLV edge handling is not an exact textual match to the paper."
S4.C13,System 4,§10.2,"w_trend = clip(body_pct_k, 0, 1)",src/weightiz/module2/market_profile_kernels.py,53-54,compute_pbuy_and_delta_coeff,src/weightiz/cli/run_module5.py:6-9 -> src/weightiz/cli/run_research.py:747-824 -> src/weightiz/module5/orchestrator.py:2529-2538 -> src/weightiz/module2/core.py:1796-1877 -> src/weightiz/module2/market_profile_engine.py:287-529 -> src/weightiz/module2/market_profile_kernels.py:49-160 -> src/weightiz/module2/tensor_builder.py:50-79,test_body_pct_uses_extra_eps_div_in_denominator,EXACT_MATCH,MODERATE,The clip matches; the source `body_pct` differs from the paper in System 3.
S4.C14,System 4,§10.2,p_buy = w_trend * p_buy_SR + (1 - w_trend) * p_buy_CLV,src/weightiz/module2/market_profile_kernels.py,53-57,compute_pbuy_and_delta_coeff,src/weightiz/cli/run_module5.py:6-9 -> src/weightiz/cli/run_research.py:747-824 -> src/weightiz/module5/orchestrator.py:2529-2538 -> src/weightiz/module2/core.py:1796-1877 -> src/weightiz/module2/market_profile_engine.py:287-529 -> src/weightiz/module2/market_profile_kernels.py:49-160 -> src/weightiz/module2/tensor_builder.py:50-79,test_hybrid_delta_signed_return_path_differs_from_paper,EXACT_MATCH,MODERATE,"Blend structure matches, but the SR leg and body_pct input do not."
S4.C15,System 4,§10.2,p_sell = 1 - p_buy,src/weightiz/module2/market_profile_kernels.py,54-57,compute_pbuy_and_delta_coeff,src/weightiz/cli/run_module5.py:6-9 -> src/weightiz/cli/run_research.py:747-824 -> src/weightiz/module5/orchestrator.py:2529-2538 -> src/weightiz/module2/core.py:1796-1877 -> src/weightiz/module2/market_profile_engine.py:287-529 -> src/weightiz/module2/market_profile_kernels.py:49-160 -> src/weightiz/module2/tensor_builder.py:50-79,test_hybrid_delta_signed_return_path_differs_from_paper,EXACT_MATCH,MODERATE,Sell is only implicit via `delta_coeff = 2 * p_buy - 1`; there is no explicit executed `p_sell` tensor.
S4.C16,System 4,§10.3,buy/sell/delta mass formulas match the paper exactly,src/weightiz/module2/market_profile_kernels.py; src/weightiz/module2/market_profile_engine.py,101-145; 324-338,build_bar_mixture_params / inject_profile_mass / run_streaming_profile_engine,src/weightiz/cli/run_module5.py:6-9 -> src/weightiz/cli/run_research.py:747-824 -> src/weightiz/module5/orchestrator.py:2529-2538 -> src/weightiz/module2/core.py:1796-1877 -> src/weightiz/module2/market_profile_engine.py:287-529 -> src/weightiz/module2/market_profile_kernels.py:49-160 -> src/weightiz/module2/tensor_builder.py:50-79,test_buy_sell_profile_outputs_are_missing_from_public_state,EXACT_MATCH,STRONG,"The executed path only materializes total and delta masses, total mass already differs via `V_prof * RVOL`, and buy/sell profile outputs are absent."
S5.C1,System 5,§11,"VP_t, VP_buy_t, VP_sell_t, VP_delta_t aggregated exactly as specified",src/weightiz/module2/market_profile_engine.py; src/weightiz/module2/tensor_builder.py; src/weightiz/module2/market_profile_kernels.py,"324-338,351-357; 50-79; 140-145",run_streaming_profile_engine / apply_rolling_update / inject_profile_mass,src/weightiz/cli/run_module5.py:6-9 -> src/weightiz/cli/run_research.py:747-824 -> src/weightiz/module5/orchestrator.py:2529-2538 -> src/weightiz/module2/core.py:1796-1877 -> src/weightiz/module2/market_profile_engine.py:287-529 -> src/weightiz/module2/market_profile_kernels.py:49-160 -> src/weightiz/module2/tensor_builder.py:50-79,test_buy_sell_profile_outputs_are_missing_from_public_state,EXACT_MATCH,STRONG,Only VP_t and VP_delta_t exist; VP_buy/VP_sell are missing and VP_t itself is built from per-bar local-frame injections.
S5.C2,System 5,§12.1,POC uses argmax(VP_t),src/weightiz/module2/core.py; src/weightiz/module2/market_profile_engine.py,"703-713,731-805; 375-379",_build_poc_rank / compute_value_area_greedy / run_streaming_profile_engine,src/weightiz/cli/run_module5.py:6-9 -> src/weightiz/cli/run_research.py:747-824 -> src/weightiz/module5/orchestrator.py:2529-2538 -> src/weightiz/module2/core.py:1796-1877 -> src/weightiz/module2/market_profile_engine.py:287-529 -> src/weightiz/module2/market_profile_kernels.py:49-160 -> src/weightiz/module2/tensor_builder.py:50-79,test_value_area_and_poc_tie_breaks_match_spec,EXACT_MATCH,STRONG,The executed path selects max mass and resolves ties with the sealed deterministic ranking.
S5.C3,System 5,§12.2,Value Area target mass is 70% of total mass,src/weightiz/module2/core.py,752-754,compute_value_area_greedy,src/weightiz/cli/run_module5.py:6-9 -> src/weightiz/cli/run_research.py:747-824 -> src/weightiz/module5/orchestrator.py:2529-2538 -> src/weightiz/module2/core.py:1796-1877 -> src/weightiz/module2/market_profile_engine.py:287-529 -> src/weightiz/module2/market_profile_kernels.py:49-160 -> src/weightiz/module2/tensor_builder.py:50-79,test_value_area_and_poc_tie_breaks_match_spec,EXACT_MATCH,STRONG,`target = va_threshold * total` with the executed threshold passed as 0.70 in the audit test.
S5.C4,System 5,§12.2,VA expansion starts from POC,src/weightiz/module2/core.py,"755-757,765-768",compute_value_area_greedy,src/weightiz/cli/run_module5.py:6-9 -> src/weightiz/cli/run_research.py:747-824 -> src/weightiz/module5/orchestrator.py:2529-2538 -> src/weightiz/module2/core.py:1796-1877 -> src/weightiz/module2/market_profile_engine.py:287-529 -> src/weightiz/module2/market_profile_kernels.py:49-160 -> src/weightiz/module2/tensor_builder.py:50-79,test_value_area_and_poc_tie_breaks_match_spec,EXACT_MATCH,STRONG,"`ival = ipoc.copy(); ivah = ipoc.copy(); covered = vp[..., ipoc]`."
S5.C5,System 5,§12.2,"VA expansion is iterative greedy, one neighbor at a time",src/weightiz/module2/core.py,769-800,compute_value_area_greedy,src/weightiz/cli/run_module5.py:6-9 -> src/weightiz/cli/run_research.py:747-824 -> src/weightiz/module5/orchestrator.py:2529-2538 -> src/weightiz/module2/core.py:1796-1877 -> src/weightiz/module2/market_profile_engine.py:287-529 -> src/weightiz/module2/market_profile_kernels.py:49-160 -> src/weightiz/module2/tensor_builder.py:50-79,test_value_area_and_poc_tie_breaks_match_spec,EXACT_MATCH,STRONG,The while-loop adds exactly one side per step based on neighboring mass.
S5.C6,System 5,§12.2,"if one side is out of bounds, choose the in-bounds side deterministically",src/weightiz/module2/core.py,772-777,compute_value_area_greedy,src/weightiz/cli/run_module5.py:6-9 -> src/weightiz/cli/run_research.py:747-824 -> src/weightiz/module5/orchestrator.py:2529-2538 -> src/weightiz/module2/core.py:1796-1877 -> src/weightiz/module2/market_profile_engine.py:287-529 -> src/weightiz/module2/market_profile_kernels.py:49-160 -> src/weightiz/module2/tensor_builder.py:50-79,test_value_area_and_poc_tie_breaks_match_spec,EXACT_MATCH,STRONG,Explicit OOB branches choose the in-bounds side.
S5.C7,System 5,§12.2,"tie-break rule: first smaller |x|, then left",src/weightiz/module2/core.py,785-794,compute_value_area_greedy,src/weightiz/cli/run_module5.py:6-9 -> src/weightiz/cli/run_research.py:747-824 -> src/weightiz/module5/orchestrator.py:2529-2538 -> src/weightiz/module2/core.py:1796-1877 -> src/weightiz/module2/market_profile_engine.py:287-529 -> src/weightiz/module2/market_profile_kernels.py:49-160 -> src/weightiz/module2/tensor_builder.py:50-79,test_value_area_and_poc_tie_breaks_match_spec,EXACT_MATCH,STRONG,"Tie branch compares `abs(x[li])`, `abs(x[ri])`, then falls through to `choose_left = True`."
S5.C8,System 5,§13,mu_prof and sigma_prof use epsilon_vol denominators as specified,src/weightiz/module2/market_profile_engine.py,359-367,run_streaming_profile_engine,src/weightiz/cli/run_module5.py:6-9 -> src/weightiz/cli/run_research.py:747-824 -> src/weightiz/module5/orchestrator.py:2529-2538 -> src/weightiz/module2/core.py:1796-1877 -> src/weightiz/module2/market_profile_engine.py:287-529 -> src/weightiz/module2/market_profile_kernels.py:49-160 -> src/weightiz/module2/tensor_builder.py:50-79,test_profile_moments_are_not_derived_from_discrete_grid,EXACT_MATCH,MODERATE,"Denominators use `eps_vol`, but the executed moments come from closed-form mixture aggregates rather than the discrete VP_t grid."
S5.C9,System 5,§13.1,"sigma_eff_prof = max(sigma_prof, 2 * DX)",src/weightiz/module2/market_profile_engine.py,368-370,run_streaming_profile_engine,src/weightiz/cli/run_module5.py:6-9 -> src/weightiz/cli/run_research.py:747-824 -> src/weightiz/module5/orchestrator.py:2529-2538 -> src/weightiz/module2/core.py:1796-1877 -> src/weightiz/module2/market_profile_engine.py:287-529 -> src/weightiz/module2/market_profile_kernels.py:49-160 -> src/weightiz/module2/tensor_builder.py:50-79,test_value_area_and_poc_tie_breaks_match_spec,EXACT_MATCH,STRONG,"`sigma_eff = maximum(sigma_prof, 2.0 * dx)`."
S5.C10,System 5,§13-§13.2,"D(t), A(t), Delta0, DeltaPOC, wpoc, DeltaEff all match exactly",src/weightiz/module2/market_profile_engine.py,362-386,run_streaming_profile_engine,src/weightiz/cli/run_module5.py:6-9 -> src/weightiz/cli/run_research.py:747-824 -> src/weightiz/module5/orchestrator.py:2529-2538 -> src/weightiz/module2/core.py:1796-1877 -> src/weightiz/module2/market_profile_engine.py:287-529 -> src/weightiz/module2/market_profile_kernels.py:49-160 -> src/weightiz/module2/tensor_builder.py:50-79,test_profile_moments_are_not_derived_from_discrete_grid,EXACT_MATCH,STRONG,"A_aff, Delta0, DeltaPOC, and DeltaEff use VP_t, but D uses closed-form mixture moments instead of the discrete profile required by the paper."
S5.C11,System 5,§14,"Dclip = clip(D, -6, 6)",src/weightiz/module2/market_profile_engine.py,369-370,run_streaming_profile_engine,src/weightiz/cli/run_module5.py:6-9 -> src/weightiz/cli/run_research.py:747-824 -> src/weightiz/module5/orchestrator.py:2529-2538 -> src/weightiz/module2/core.py:1796-1877 -> src/weightiz/module2/market_profile_engine.py:287-529 -> src/weightiz/module2/market_profile_kernels.py:49-160 -> src/weightiz/module2/tensor_builder.py:50-79,test_value_area_and_poc_tie_breaks_match_spec,EXACT_MATCH,MODERATE,"Clip logic matches, but the bounds come from mutable config and upstream D is already mismatched in S5.C10."
S5.C12,System 5,§14,breakout and rejection base scores match exactly,src/weightiz/module2/market_profile_engine.py,474-484,run_streaming_profile_engine,src/weightiz/cli/run_module5.py:6-9 -> src/weightiz/cli/run_research.py:747-824 -> src/weightiz/module5/orchestrator.py:2529-2538 -> src/weightiz/module2/core.py:1796-1877 -> src/weightiz/module2/market_profile_engine.py:287-529 -> src/weightiz/module2/market_profile_kernels.py:49-160 -> src/weightiz/module2/tensor_builder.py:50-79,test_hybrid_delta_signed_return_path_differs_from_paper,EXACT_MATCH,MODERATE,"Formula structure matches, but D and upstream hybrid-delta inputs do not fully match the paper."
S5.C13,System 5,§14.1,"delta lookback is L = min(3W, m_t)",src/weightiz/module2/market_profile_engine.py,428-455,run_streaming_profile_engine,src/weightiz/cli/run_module5.py:6-9 -> src/weightiz/cli/run_research.py:747-824 -> src/weightiz/module5/orchestrator.py:2529-2538 -> src/weightiz/module2/core.py:1796-1877 -> src/weightiz/module2/market_profile_engine.py:287-529 -> src/weightiz/module2/market_profile_kernels.py:49-160 -> src/weightiz/module2/tensor_builder.py:50-79,test_delta_noise_uses_current_row_instead_of_past_only,EXACT_MATCH,STRONG,"The executed path uses a fixed rolling window `delta_mad_lookback_bars` over the current segment, not explicit `L=min(3W,m_t)` past-only indices."
S5.C14,System 5,§14.1,delta-noise computation uses past-only indices,src/weightiz/module2/market_profile_engine.py; src/weightiz/module2/core.py,433-455; 574-623,run_streaming_profile_engine / _rolling_median_mad_causal,src/weightiz/cli/run_module5.py:6-9 -> src/weightiz/cli/run_research.py:747-824 -> src/weightiz/module5/orchestrator.py:2529-2538 -> src/weightiz/module2/core.py:1796-1877 -> src/weightiz/module2/market_profile_engine.py:287-529 -> src/weightiz/module2/market_profile_kernels.py:49-160 -> src/weightiz/module2/tensor_builder.py:50-79,test_delta_noise_uses_current_row_instead_of_past_only,EXACT_MATCH,STRONG,"Numeric proof: expected past-only MAD 5.0, actual 0.0 because the current row is included in the rolling window."
S5.C15,System 5,§14.1,"if session/gap reset is crossed, delta change is set deterministically as specified",src/weightiz/module2/market_profile_engine.py,414-426,run_streaming_profile_engine,src/weightiz/cli/run_module5.py:6-9 -> src/weightiz/cli/run_research.py:747-824 -> src/weightiz/module5/orchestrator.py:2529-2538 -> src/weightiz/module2/core.py:1796-1877 -> src/weightiz/module2/market_profile_engine.py:287-529 -> src/weightiz/module2/market_profile_kernels.py:49-160 -> src/weightiz/module2/tensor_builder.py:50-79,test_delta_change_is_zeroed_on_session_reset,EXACT_MATCH,STRONG,Reset rows set `d_delta[t] = 0.0`; the spy test confirms zero change at the first row of the new segment.
S5.C16,System 5,§14.1,"sigma_delta = max(level_noise, change_noise, 0.05)",src/weightiz/module2/market_profile_engine.py,448-455,run_streaming_profile_engine,src/weightiz/cli/run_module5.py:6-9 -> src/weightiz/cli/run_research.py:747-824 -> src/weightiz/module5/orchestrator.py:2529-2538 -> src/weightiz/module2/core.py:1796-1877 -> src/weightiz/module2/market_profile_engine.py:287-529 -> src/weightiz/module2/market_profile_kernels.py:49-160 -> src/weightiz/module2/tensor_builder.py:50-79,test_delta_change_is_zeroed_on_session_reset,EXACT_MATCH,MODERATE,"The max-floor structure matches, but the underlying windows are not the paper’s past-only `L=min(3W,m_t)` set."
S5.C17,System 5,§14.1,Gbreak and Greject use sigmoid(ln(9)*(...)),src/weightiz/module2/market_profile_engine.py,465-467,run_streaming_profile_engine,src/weightiz/cli/run_module5.py:6-9 -> src/weightiz/cli/run_research.py:747-824 -> src/weightiz/module5/orchestrator.py:2529-2538 -> src/weightiz/module2/core.py:1796-1877 -> src/weightiz/module2/market_profile_engine.py:287-529 -> src/weightiz/module2/market_profile_kernels.py:49-160 -> src/weightiz/module2/tensor_builder.py:50-79,test_hybrid_delta_signed_return_path_differs_from_paper,EXACT_MATCH,STRONG,"`gbreak = sigmoid(ln9 * (z_delta - threshold))`, `greject = sigmoid(ln9 * (-z_delta - threshold))`."
S5.C18,System 5,§14.1,final Sbreak and Sreject match exactly,src/weightiz/module2/market_profile_engine.py,486-509,run_streaming_profile_engine,src/weightiz/cli/run_module5.py:6-9 -> src/weightiz/cli/run_research.py:747-824 -> src/weightiz/module5/orchestrator.py:2529-2538 -> src/weightiz/module2/core.py:1796-1877 -> src/weightiz/module2/market_profile_engine.py:287-529 -> src/weightiz/module2/market_profile_kernels.py:49-160 -> src/weightiz/module2/tensor_builder.py:50-79,test_hybrid_delta_signed_return_path_differs_from_paper,EXACT_MATCH,MODERATE,"Final multiplication matches, but upstream base scores and z_delta do not fully match the paper."
S5.C19,System 5,"§16.1, Algorithm 1",fail-closed NaN/Inf handling matches the paper if present,src/weightiz/module2/market_profile_engine.py; src/weightiz/module2/core.py,"515-518,520-534; 1636-1640",run_streaming_profile_engine / run_weightiz_profile_engine,src/weightiz/cli/run_module5.py:6-9 -> src/weightiz/cli/run_research.py:747-824 -> src/weightiz/module5/orchestrator.py:2529-2538 -> src/weightiz/module2/core.py:1796-1877 -> src/weightiz/module2/market_profile_engine.py:287-529 -> src/weightiz/module2/market_profile_kernels.py:49-160 -> src/weightiz/module2/tensor_builder.py:50-79,test_warmup_mask_policy_leaves_nonfinite_outputs,EXACT_MATCH,STRONG,`warmup_mask` writes NaNs into profile_stats/scores without raising. The paper requires fail-fast on NaN/Inf.
